DATE;PRODUCT_SALES
2012-01-01;28.027433151247692
2012-01-02;32.04108097451467
2012-01-03;28.340485973486523
2012-01-04;34.02451607586971
2012-01-05;26.452809920573486
2012-01-06;18.227399340745933
2012-01-07;30.410023684771772
2012-01-08;40.809507238182846
2012-01-09;34.00003379157988
2012-01-10;27.625306214382988
2012-01-11;25.48855821783195
2012-01-12;23.516996918077552
2012-01-13;22.343612233580927
2012-01-14;30.864129222779468
2012-01-15;32.01531143525102
2012-01-16;32.65445984293382
2012-01-17;26.30371951181354
2012-01-18;22.57457254278944
2012-01-19;20.721648117039592
2012-01-20;19.95491551144096
2012-01-21;40.62420053944152
2012-01-22;39.45081585494495
2012-01-23;29.567983714726836
2012-01-24;20.095455525324667
2012-01-25;25.94354266974102
2012-01-26;18.88428329942508
2012-01-27;16.61153608688454
2012-01-28;35.11049746010275
2012-01-29;36.69583252957722
2012-01-30;29.540513879367893
2012-01-31;24.027300598949353
2012-02-01;17.93183507102799
2012-02-02;18.005937928698756
2012-02-03;15.836360419185098
2012-02-04;32.47655922198476
2012-02-05;37.05960484783941
2012-02-06;28.651027954957044
2012-02-07;22.57457254278944
2012-02-08;21.50732202703449
2012-02-09;18.557234351784018
2012-02-10;14.278614984458102
2012-02-11;40.66545651704155
2012-02-12;34.96744779745467
2012-02-13;28.59475071930177
2012-02-14;18.042936241417863
2012-02-15;16.496244494062637
2012-02-16;18.042936241417863
2012-02-17;17.67135247473766
2012-02-18;34.36565247924318
2012-02-19;30.14039354699014
2012-02-20;30.032013542524282
2012-02-21;23.420561671925668
2012-02-22;17.857590117665893
2012-02-23;20.92814850686608
2012-02-24;16.225888164480693
2012-02-25;36.809878948746814
2012-02-26;32.578316787294284
2012-02-27;34.36565247924318
2012-02-28;25.97368570848755
2012-02-29;22.37669103210237
2012-03-01;22.934749384862016
2012-03-02;21.743309800847612
2012-03-03;36.25936638586728
2012-03-04;37.195143135539354
2012-03-05;32.85677895156027
2012-03-06;23.61319257330888
2012-03-07;17.069299818714512
2012-03-08;20.756141421159953
2012-03-09;19.672295779873423
2012-03-10;36.14368440165231
2012-03-11;34.75187744051965
2012-03-12;30.194469996163548
2012-03-13;22.771447871956696
2012-03-14;20.790604023625917
2012-03-15;16.91731245450569
2012-03-16;18.30093921340324
2012-03-17;40.35495981446729
2012-03-18;31.128783235515414
2012-03-19;26.808301917268352
2012-03-20;19.565779257910435
2012-03-21;16.99338071338235
2012-03-22;13.662388746723707
2012-03-23;15.561340369742368
2012-03-24;33.53190470695557
2012-03-25;38.108836172520114
2012-03-26;30.08624146639471
2012-03-27;22.771447871956696
2012-03-28;18.042936241417863
2012-03-29;18.811844117744556
2012-03-30;16.95536526475712
2012-03-31;35.08669252156358
2012-04-01;18.666557901066483
2012-04-02;26.749279449566927
2012-04-03;20.23548725595043
2012-04-04;17.857590117665893
2012-04-05;19.423299865062972
2012-04-06;19.244460141497655
2012-04-07;19.601317334122086
2012-04-08;19.813863510948238
2012-04-09;20.721648117039592
2012-04-10;29.950528984955326
2012-04-11;23.388363140910542
2012-04-12;17.5591783799145
2012-04-13;13.371425360062062
2012-04-14;18.15371952533502
2012-04-15;18.775573640793027
2012-04-16;23.032400713583172
2012-04-17;20.200526773833133
2012-04-18;16.187111264580267
2012-04-19;15.125180054038708
2012-04-20;17.33385050062668
2012-04-21;18.484180120084318
2012-04-22;19.601317334122086
2012-04-23;29.29240439254579
2012-04-24;22.011260567922875
2012-04-25;25.427487651047272
2012-04-26;20.1655346961561
2012-04-27;22.409741594343416
2012-04-28;19.884453742560027
2012-04-29;18.956587207111568
2012-04-30;29.81433914593316
2012-05-01;22.67313534013232
2012-05-02;20.095455525324667
2012-05-03;15.718733803205623
2012-05-04;12.951933376780403
2012-05-05;19.74314434733492
2012-05-06;18.30093921340324
2012-05-07;20.3401796982335
2012-05-08;21.269887100581343
2012-05-09;21.776905231427634
2012-05-10;17.93183507102799
2012-05-11;12.356902743539763
2012-05-12;19.280294231343078
2012-05-13;19.672295779873423
2012-05-14;17.33385050062668
2012-05-15;16.76472612376739
2012-05-16;16.41919226701293
2012-05-17;11.226983038464368
2012-05-18;9.143367314754244
2012-05-19;20.99673795140052
2012-05-20;18.920452130933654
2012-05-21;19.136758455044344
2012-05-22;21.0993948334048
2012-05-23;17.296168034086065
2012-05-24;13.703777025720115
2012-05-25;10.33480689876859
2012-05-26;20.687124056513824
2012-05-27;21.23584865327763
2012-05-28;23.90035382518124
2012-05-29;18.15371952533502
2012-05-30;13.910057382123853
2012-05-31;14.885187149423473
2012-06-01;7.5278730338557125
2012-06-02;18.190576959164787
2012-06-03;17.968904227822463
2012-06-04;23.99560290473994
2012-06-05;17.145070354274026
2012-06-06;13.951181901459279
2012-06-07;9.467763131181698
2012-06-08;10.738832108957979
2012-06-09;20.23548725595043
2012-06-10;20.96245841723197
2012-06-11;17.258448857879102
2012-06-12;14.2378369592941
2012-06-13;13.036196155008781
2012-06-14;12.27114693591568
2012-06-15;7.96210634761195
2012-06-16;20.85943734186924
2012-06-17;20.13051096575856
2012-06-18;22.111265956229488
2012-06-19;18.264186736686042
2012-06-20;13.703777025720115
2012-06-21;10.872575700712105
2012-06-22;8.153546694676834
2012-06-23;18.88428329942508
2012-06-24;20.30531366137558
2012-06-25;20.375014366632968
2012-06-26;27.422665662715815
2012-06-27;23.484878516140895
2012-06-28;17.5217146795419
2012-06-29;11.226983038464368
2012-06-30;18.37433967389609
2012-07-01;16.45773754776161
2012-07-02;11.709056096060124
2012-07-03;21.167681855187254
2012-07-04;18.775573640793027
2012-07-05;15.48240307162746
2012-07-06;9.972099503359402
2012-07-07;17.182900089881684
2012-07-08;14.684050430531727
2012-07-09;23.22696761203241
2012-07-10;18.956587207111568
2012-07-11;16.57314368779015
2012-07-12;12.740470637531644
2012-07-13;10.153877918536637
2012-07-14;9.32906901996165
2012-07-15;14.197015942002793
2012-07-16;21.810471537226817
2012-07-17;19.136758455044344
2012-07-18;16.303325652921842
2012-07-19;13.537957794485521
2012-07-20;11.050184871390286
2012-07-21;10.01762417799182
2012-07-22;11.882877852931642
2012-07-23;19.028756345087743
2012-07-24;16.99338071338235
2012-07-25;13.910057382123853
2012-07-26;8.533610912662652
2012-07-27;9.55995063024244
2012-07-28;15.757982393808561
2012-07-29;14.074294028440136
2012-07-30;20.375014366632968
2012-07-31;12.356902743539763
2012-08-01;9.972099503359402
2012-08-02;8.816230644230188
2012-08-03;5.9937673571440655
2012-08-04;15.561340369742368
2012-08-05;14.603302265051582
2012-08-06;19.70773626867674
2012-08-07;12.740470637531644
2012-08-08;10.244448091564323
2012-08-09;9.789463639655253
2012-08-10;10.199189487563217
2012-08-11;11.446851495930673
2012-08-12;12.27114693591568
2012-08-13;19.387597943386936
2012-08-14;17.069299818714512
2012-08-15;15.836360419185098
2012-08-16;11.050184871390286
2012-08-17;8.816230644230188
2012-08-18;12.314048581650525
2012-08-19;12.314048581650525
2012-08-20;20.92814850686608
2012-08-21;17.296168034086065
2012-08-22;14.522385346751776
2012-08-23;13.454781110909664
2012-08-24;4.658506371785734
2012-08-25;16.53471318208983
2012-08-26;14.400692010383182
2012-08-27;16.496244494062637
2012-08-28;15.67944538652722
2012-08-29;14.400692010383182
2012-08-30;10.917054431984127
2012-08-31;8.296508326563242
2012-09-01;12.012733976824165
2012-09-02;14.48186338458703
2012-09-03;12.314048581650525
2012-09-04;20.96245841723197
2012-09-05;19.387597943386936
2012-09-06;18.264186736686042
2012-09-07;15.125180054038708
2012-09-08;9.375355614014836
2012-09-09;15.442873990793032
2012-09-10;24.90446147593741
2012-09-11;20.99673795140052
2012-09-12;15.91458010500861
2012-09-13;15.085284397428723
2012-09-14;13.454781110909664
2012-09-15;14.156151841835651
2012-09-16;12.399709526578135
2012-09-17;22.409741594343416
2012-09-18;18.520724465708327
2012-09-19;16.99338071338235
2012-09-20;14.156151841835651
2012-09-21;12.012733976824165
2012-09-22;15.125180054038708
2012-09-23;10.604624933636842
2012-09-24;25.57998383602427
2012-09-25;19.31609518749002
2012-09-26;16.841094454865356
2012-09-27;14.925289412267148
2012-09-28;14.115244567756463
2012-09-29;9.743669747487559
2012-09-30;9.096802388739718
2012-10-01;25.335700809213563
2012-10-02;16.225888164480693
2012-10-03;13.036196155008781
2012-10-04;14.441298968813499
2012-10-05;13.078258876488746
2012-10-06;27.306393108927296
2012-10-07;26.571670278888803
2012-10-08;24.780362871897808
2012-10-09;22.24420593683567
2012-10-10;20.617983446508276
2012-10-11;19.100791214822664
2012-10-12;16.57314368779015
2012-10-13;28.651027954957044
2012-10-14;28.791364213390523
2012-10-15;27.248125631693995
2012-10-16;21.642348253903776
2012-10-17;15.48240307162746
2012-10-18;16.53471318208983
2012-10-19;19.91970065561253
2012-10-20;26.778801930077975
2012-10-21;25.57998383602427
2012-10-22;29.89611052017949
2012-10-23;26.154052795441146
2012-10-24;21.910996209827886
2012-10-25;20.444589823475667
2012-10-26;17.93183507102799
2012-10-27;27.654168482819273
2012-10-28;27.39363024229675
2012-10-29;29.89611052017949
2012-10-30;26.660576704437972
2012-10-31;24.34285842804934
2012-11-01;26.63096390657813
2012-11-02;18.484180120084318
2012-11-03;28.847356603935737
2012-11-04;26.154052795441146
2012-11-05;35.91127835384839
2012-11-06;18.005937928698756
2012-11-07;14.603302265051582
2012-11-08;15.005369546944507
2012-11-09;16.031614142672936
2012-11-10;28.73529073318548
2012-11-11;27.39363024229675
2012-11-12;18.264186736686042
2012-11-13;19.423299865062972
2012-11-14;17.258448857879102
2012-11-15;17.783202522615
2012-11-16;16.91731245450569
2012-11-17;26.92607761664101
2012-11-18;28.763337624172323
2012-11-19;24.59346597812049
2012-11-20;20.85943734186924
2012-11-21;15.363694553558332
2012-11-22;16.031614142672936
2012-11-23;14.724361450637616
2012-11-24;26.86723454860669
2012-11-25;24.718164093358382
2012-11-26;26.36342458349668
2012-11-27;20.444589823475667
2012-11-28;17.708671736724966
2012-11-29;17.74595506297061
2012-11-30;16.07054700800893
2012-12-01;24.96636193886485
2012-12-02;25.151471763869097
2012-12-03;23.420561671925668
2012-12-04;22.57457254278944
2012-12-05;20.200526773833133
2012-12-06;23.836724014124
2012-12-07;20.825035979042525
2012-12-08;28.986984347444093
2012-12-09;26.571670278888803
2012-12-10;32.679807622113685
2012-12-11;25.120681518656568
2012-12-12;21.13355339875602
2012-12-13;18.739269154950478
2012-12-14;14.562864944076466
2012-12-15;25.610411131353885
2012-12-16;25.08986676867005
2012-12-17;25.91337614596
2012-12-18;22.475758202517966
2012-12-19;16.95536526475712
2012-12-20;17.5217146795419
2012-12-21;13.20417356083857
2012-12-22;25.08986676867005
2012-12-23;28.084540434925316
2012-12-24;24.811424832099135
2012-12-25;27.683009252357124
2012-12-26;26.154052795441146
2012-12-27;10.514894345818675
2012-12-28;7.382039598497613
2012-12-29;27.45167932560537
2012-12-30;28.481950256957248
2012-12-31;27.683009252357124
2013-01-01;30.57090507128663
2013-01-02;39.726395177125994
2013-01-03;37.08222753695179
2013-01-04;24.058972364571673
2013-01-05;40.706668581937606
2013-01-06;31.155149413799734
2013-01-07;41.157129553344475
2013-01-08;33.680347309154115
2013-01-09;29.5130245411068
2013-01-10;28.170043740886
2013-01-11;31.626695948253086
2013-01-12;39.04448464995414
2013-01-13;38.06476248385178
2013-01-14;41.014368728349154
2013-01-15;35.747760090176484
2013-01-16;29.78704359928679
2013-01-17;24.21694374369946
2013-01-18;26.27383241552883
2013-01-19;31.65272534843632
2013-01-20;28.22694122550314
2013-01-21;35.276723486161075
2013-01-22;29.402871603896813
2013-01-23;25.182237543250494
2013-01-24;22.83685114986355
2013-01-25;22.37669103210237
2013-01-26;37.554275971773734
2013-01-27;33.38289080404644
2013-01-28;32.65445984293382
2013-01-29;25.883186100520618
2013-01-30;22.310505150491224
2013-01-31;20.23548725595043
2013-02-01;21.776905231427634
2013-02-02;39.85292709141669
2013-02-03;29.07051993823876
2013-02-04;34.073434252072786
2013-02-05;26.03390147694529
2013-02-06;26.571670278888803
2013-02-07;25.27438847444688
2013-02-08;17.894730390359598
2013-02-09;33.1582890902277
2013-02-10;30.167441212298513
2013-02-11;30.624383990443846
2013-02-12;27.33549399816968
2013-02-13;25.08986676867005
2013-02-14;18.264186736686042
2013-02-15;21.47349176597936
2013-02-16;35.03903869239201
2013-02-17;34.02451607586971
2013-02-18;36.96898167875804
2013-02-19;27.014174881756844
2013-02-20;24.96636193886485
2013-02-21;19.601317334122086
2013-02-22;20.96245841723197
2013-02-23;38.21880140211505
2013-02-24;30.970208005062318
2013-02-25;35.817923923296235
2013-02-26;29.540513879367893
2013-02-27;24.687027194764937
2013-02-28;23.452733448861295
2013-03-01;23.452733448861295
2013-03-02;35.44223892551162
2013-03-03;34.073434252072786
2013-03-04;38.67727496177571
2013-03-05;31.937899750721897
2013-03-06;31.78261051322511
2013-03-07;30.864129222779468
2013-03-08;26.808301917268352
2013-03-09;38.503257898902234
2013-03-10;31.470150999228963
2013-03-11;39.89501267307588
2013-03-12;34.36565247924318
2013-03-13;30.810980647084193
2013-03-14;28.510181196096653
2013-03-15;30.00487107291343
2013-03-16;38.37222991830902
2013-03-17;38.67727496177571
2013-03-18;39.514585396641394
2013-03-19;31.04957680220417
2013-03-20;26.778801930077975
2013-03-21;26.51228571001701
2013-03-22;26.184032457267506
2013-03-23;31.678737261617812
2013-03-24;40.188337798038276
2013-03-25;39.93705255919764
2013-03-26;31.937899750721897
2013-03-27;27.826891734226535
2013-03-28;25.762189966696326
2013-03-29;36.60435290919759
2013-03-30;33.680347309154115
2013-03-31;36.58144919287503
2013-04-01;19.813863510948238
2013-04-02;36.489698601802615
2013-04-03;33.30816823730834
2013-04-04;27.826891734226535
2013-04-05;27.99884789242674
2013-04-06;18.557234351784018
2013-04-07;19.530208533025245
2013-04-08;39.557040150143166
2013-04-09;31.704731711277873
2013-04-10;26.452809920573486
2013-04-11;20.514040481225607
2013-04-12;23.22696761203241
2013-04-13;20.583366786791316
2013-04-14;19.91970065561253
2013-04-15;33.05804636416508
2013-04-16;24.749275972344037
2013-04-17;22.177793002346277
2013-04-18;21.57489400110353
2013-04-19;20.479330724249053
2013-04-20;18.0798992335466
2013-04-21;21.0993948334048
2013-04-22;31.886205842756965
2013-04-23;26.749279449566927
2013-04-24;22.640308944512583
2013-04-25;21.877516976168806
2013-04-26;20.721648117039592
2013-04-27;19.884453742560027
2013-04-28;19.064790532252914
2013-04-29;27.99884789242674
2013-04-30;21.30389565025513
2013-05-01;15.757982393808561
2013-05-02;12.099063402364322
2013-05-03;10.559785633530737
2013-05-04;19.74314434733492
2013-05-05;18.264186736686042
2013-05-06;17.371496328885883
2013-05-07;15.24462096515117
2013-05-08;13.162247480602957
2013-05-09;11.446851495930673
2013-05-10;11.226983038464368
2013-05-11;18.920452130933654
2013-05-12;20.1655346961561
2013-05-13;22.409741594343416
2013-05-14;20.3401796982335
2013-05-15;18.264186736686042
2013-05-16;18.337656837126303
2013-05-17;15.442873990793032
2013-05-18;19.601317334122086
2013-05-19;20.583366786791316
2013-05-20;20.96245841723197
2013-05-21;24.530965994711835
2013-05-22;20.514040481225607
2013-05-23;15.521891837227201
2013-05-24;11.446851495930673
2013-05-25;18.042936241417863
2013-05-26;18.30093921340324
2013-05-27;21.97786795583636
2013-05-28;18.042936241417863
2013-05-29;15.600748751072501
2013-05-30;11.005858900533838
2013-05-31;9.972099503359402
2013-06-01;18.63015100481158
2013-06-02;19.63682282153843
2013-06-03;23.420561671925668
2013-06-04;20.652569184684978
2013-06-05;13.371425360062062
2013-06-06;14.522385346751776
2013-06-07;10.559785633530737
2013-06-08;19.70773626867674
2013-06-09;19.280294231343078
2013-06-10;19.63682282153843
2013-06-11;17.33385050062668
2013-06-12;17.633997207668017
2013-06-13;12.27114693591568
2013-06-14;12.698039146913175
2013-06-15;19.351863071155492
2013-06-16;20.825035979042525
2013-06-17;23.356137811281428
2013-06-18;15.561340369742368
2013-06-19;14.965350182850159
2013-06-20;14.603302265051582
2013-06-21;10.244448091564323
2013-06-22;18.992688590905914
2013-06-23;21.13355339875602
2013-06-24;20.96245841723197
2013-06-25;24.655865236290595
2013-06-26;20.40981772296675
2013-06-27;21.30389565025513
2013-06-28;19.208592856566497
2013-06-29;19.49460509942287
2013-06-30;18.88428329942508
2013-07-01;9.467763131181698
2013-07-02;29.042694761824293
2013-07-03;23.709149825185023
2013-07-04;17.03135887367523
2013-07-05;12.655561105006598
2013-07-06;9.835203433887045
2013-07-07;9.375355614014836
2013-07-08;27.99884789242674
2013-07-09;18.227399340745933
2013-07-10;19.208592856566497
2013-07-11;15.953630770259622
2013-07-12;11.402977574732631
2013-07-13;14.603302265051582
2013-07-14;12.012733976824165
2013-07-15;21.844008768699382
2013-07-16;18.666557901066483
2013-07-17;16.14829549058817
2013-07-18;13.579479226147612
2013-07-19;13.827677071654136
2013-07-20;10.01762417799182
2013-07-21;13.827677071654136
2013-07-22;19.91970065561253
2013-07-23;18.337656837126303
2013-07-24;12.655561105006598
2013-07-25;11.62185170939
2013-07-26;5.943253675727078
2013-07-27;9.42158694047987
2013-07-28;12.825194372244141
2013-07-29;20.548719150193506
2013-07-30;12.14215604044
2013-07-31;10.872575700712105
2013-08-01;6.195165633415968
2013-08-02;6.495312340457303
2013-08-03;16.14829549058817
2013-08-04;13.579479226147612
2013-08-05;23.22696761203241
2013-08-06;12.78285567878055
2013-08-07;11.75258474742867
2013-08-08;9.050181394167339
2013-08-09;7.382039598497613
2013-08-10;12.399709526578135
2013-08-11;15.085284397428723
2013-08-12;20.23548725595043
2013-08-13;18.30093921340324
2013-08-14;17.5591783799145
2013-08-15;18.264186736686042
2013-08-16;10.917054431984127
2013-08-17;14.724361450637616
2013-08-18;9.375355614014836
2013-08-19;23.58115390262327
2013-08-20;19.31609518749002
2013-08-21;16.14829549058817
2013-08-22;17.069299818714512
2013-08-23;10.379907348031452
2013-08-24;15.521891837227201
2013-08-25;15.284352863265042
2013-08-26;21.877516976168806
2013-08-27;17.296168034086065
2013-08-28;15.284352863265042
2013-08-29;15.16503464460277
2013-08-30;15.99264208974563
2013-08-31;16.61153608688454
2013-09-01;13.827677071654136
2013-09-02;14.278614984458102
2013-09-03;25.182237543250494
2013-09-04;24.15383251323999
2013-09-05;15.442873990793032
2013-09-06;12.613036409557537
2013-09-07;11.534450472921606
2013-09-08;15.67944538652722
2013-09-09;24.468364960356325
2013-09-10;21.337874354773987
2013-09-11;17.296168034086065
2013-09-12;13.827677071654136
2013-09-13;11.271056727132645
2013-09-14;11.094460155019135
2013-09-15;12.399709526578135
2013-09-16;24.248460824246706
2013-09-17;17.371496328885883
2013-09-18;16.187111264580267
2013-09-19;12.314048581650525
2013-09-20;13.496391788008964
2013-09-21;9.467763131181698
2013-09-22;13.454781110909664
2013-09-23;22.804163320725536
2013-09-24;19.49460509942287
2013-09-25;16.380608575415124
2013-09-26;16.45773754776161
2013-09-27;12.698039146913175
2013-09-28;11.050184871390286
2013-09-29;13.868889136550138
2013-09-30;23.99560290473994
2013-10-01;18.30093921340324
2013-10-02;16.61153608688454
2013-10-03;16.649890454869137
2013-10-04;17.069299818714512
2013-10-05;26.83777944538747
2013-10-06;27.1313269569564
2013-10-07;28.397133725089873
2013-10-08;26.154052795441146
2013-10-09;24.122238279488272
2013-10-10;19.31609518749002
2013-10-11;14.562864944076466
2013-10-12;26.83777944538747
2013-10-13;25.5190574169784
2013-10-14;26.778801930077975
2013-10-15;30.463725123774793
2013-10-16;28.340485973486523
2013-10-17;21.23584865327763
2013-10-18;23.16222055461253
2013-10-19;26.71973444140741
2013-10-20;26.333583555958455
2013-10-21;38.82890095650151
2013-10-22;37.014319776812385
2013-10-23;34.12229070185407
2013-10-24;20.30531366137558
2013-10-25;16.264626268076597
2013-10-26;27.2189589777239
2013-10-27;24.687027194764937
2013-10-28;34.29280442141419
2013-10-29;34.9913261400643
2013-10-30;25.822735297742497
2013-10-31;20.27041619951399
2013-11-01;23.709149825185023
2013-11-02;26.51228571001701
2013-11-03;24.811424832099135
2013-11-04;34.87178689316852
2013-11-05;26.30371951181354
2013-11-06;24.185400987320065
2013-11-07;24.59346597812049
2013-11-08;23.96387923945491
2013-11-09;27.043496148825966
2013-11-10;28.141563613589142
2013-11-11;33.80361621720448
2013-11-12;26.778801930077975
2013-11-13;24.279952270728018
2013-11-14;22.37669103210237
2013-11-15;21.201780255730455
2013-11-16;27.16055967356914
2013-11-17;28.791364213390523
2013-11-18;27.970241514092322
2013-11-19;23.64520475480532
2013-11-20;23.516996918077552
2013-11-21;19.530208533025245
2013-11-22;15.521891837227201
2013-11-23;25.610411131353885
2013-11-24;26.482559235378858
2013-11-25;26.243922231488796
2013-11-26;22.83685114986355
2013-11-27;18.811844117744556
2013-11-28;17.296168034086065
2013-11-29;14.074294028440136
2013-11-30;27.422665662715815
2013-12-01;25.458034975167777
2013-12-02;25.151471763869097
2013-12-03;25.610411131353885
2013-12-04;17.894730390359598
2013-12-05;16.649890454869137
2013-12-06;16.91731245450569
2013-12-07;27.798157980540964
2013-12-08;26.984831393187278
2013-12-09;27.99884789242674
2013-12-10;18.410987789565752
2013-12-11;20.23548725595043
2013-12-12;18.557234351784018
2013-12-13;17.894730390359598
2013-12-14;27.625306214382988
2013-12-15;28.141563613589142
2013-12-16;26.541989379532424
2013-12-17;21.810471537226817
2013-12-18;24.279952270728018
2013-12-19;19.601317334122086
2013-12-20;19.70773626867674
2013-12-21;26.778801930077975
2013-12-22;27.072795228025257
2013-12-23;14.2378369592941
2013-12-24;26.423037730475812
2013-12-25;26.482559235378858
2013-12-26;25.335700809213563
2013-12-27;3.0038360182037707
2013-12-28;25.335700809213563
2013-12-29;28.81937053020971
2013-12-30;22.83685114986355
2013-12-31;27.683009252357124
2014-01-01;36.374703770274266
2014-01-02;28.22694122550314
2014-01-03;24.84246189293094
2014-01-04;36.44374164529222
2014-01-05;34.510938695921254
2014-01-06;42.04262769896292
2014-01-07;34.75187744051965
2014-01-08;31.989524733455823
2014-01-09;34.00003379157988
2014-01-10;33.38289080404644
2014-01-11;36.65011973641094
2014-01-12;30.970208005062318
2014-01-13;43.31477525333935
2014-01-14;40.706668581937606
2014-01-15;39.557040150143166
2014-01-16;34.09787018302853
2014-01-17;30.970208005062318
2014-01-18;37.17258634415606
2014-01-19;39.64181025803697
2014-01-20;40.188337798038276
2014-01-21;35.48939938361298
2014-01-22;32.425579976549784
2014-01-23;28.22694122550314
2014-01-24;24.84246189293094
2014-01-25;38.28463094131814
2014-01-26;36.60435290919759
2014-01-27;35.63053707809888
2014-01-28;34.67975311420429
2014-01-29;32.50202369598014
2014-01-30;26.00380529873786
2014-01-31;23.61319257330888
2014-02-01;33.38289080404644
2014-02-02;34.414141817220354
2014-02-03;34.87178689316852
2014-02-04;31.704731711277873
2014-02-05;27.480671263548743
2014-02-06;30.167441212298513
2014-02-07;28.425426551569387
2014-02-08;38.97993548582747
2014-02-09;29.81433914593316
2014-02-10;37.53192749709018
2014-02-11;37.464804571326454
2014-02-12;32.47655922198476
2014-02-13;28.986984347444093
2014-02-14;26.51228571001701
2014-02-15;33.10820016821714
2014-02-16;28.397133725089873
2014-02-17;41.055211275716886
2014-02-18;39.81079571477386
2014-02-19;36.23625762283319
2014-02-20;33.877389624053876
2014-02-21;33.581448835679
2014-02-22;34.31710233957233
2014-02-23;33.03294507880338
2014-02-24;46.70459769171259
2014-02-25;42.30042302114629
2014-02-26;40.5622340317135
2014-02-27;34.46257050560325
2014-02-28;37.28523911875044
2014-03-01;28.141563613589142
2014-03-02;36.282461364968015
2014-03-03;46.86302872969179
2014-03-04;44.565097332876974
2014-03-05;39.89501267307588
2014-03-06;37.036968932950685
2014-03-07;35.86462927433274
2014-03-08;36.30554257656917
2014-03-09;30.00487107291343
2014-03-10;42.43852819645997
2014-03-11;38.39409873070309
2014-03-12;35.41863713793873
2014-03-13;32.24662216757008
2014-03-14;28.9311936586638
2014-03-15;36.53560107465296
2014-03-16;37.732600898687565
2014-03-17;44.71394415267048
2014-03-18;40.23006057288853
2014-03-19;38.37222991830902
2014-03-20;37.93223960040655
2014-03-21;38.21880140211505
2014-03-22;29.677668579338274
2014-03-23;40.33417123339643
2014-03-24;50.0
2014-03-25;41.136767348660385
2014-03-26;40.500168192111175
2014-03-27;35.01518976566672
2014-03-28;31.41782838138232
2014-03-29;38.65556555200351
2014-03-30;30.864129222779468
2014-03-31;43.44931553227201
2014-04-01;39.81079571477386
2014-04-02;39.74751256587655
2014-04-03;36.23625762283319
2014-04-04;31.522403006233844
2014-04-05;19.280294231343078
2014-04-06;18.811844117744556
2014-04-07;42.26087375180941
2014-04-08;37.64354109791606
2014-04-09;39.81079571477386
2014-04-10;35.583548320736725
2014-04-11;32.90719397341542
2014-04-12;20.1655346961561
2014-04-13;19.91970065561253
2014-04-14;40.27173843623933
2014-04-15;38.45963115477747
2014-04-16;37.50956611540346
2014-04-17;34.12229070185407
2014-04-18;18.337656837126303
2014-04-19;20.375014366632968
2014-04-20;18.63015100481158
2014-04-21;19.136758455044344
2014-04-22;49.39590043436476
2014-04-23;46.96829041114603
2014-04-24;43.41092313317756
2014-04-25;39.958055397420424
2014-04-26;19.601317334122086
2014-04-27;19.423299865062972
2014-04-28;47.35181992661302
2014-04-29;43.6597959342032
2014-04-30;39.57825008291911
2014-05-01;36.213135059402305
2014-05-02;33.80361621720448
2014-05-03;20.095455525324667
2014-05-04;19.63682282153843
2014-05-05;40.99393128722312
2014-05-06;38.67727496177571
2014-05-07;33.407766314901664
2014-05-08;31.937899750721897
2014-05-09;26.571670278888803
2014-05-10;18.264186736686042
2014-05-11;19.91970065561253
2014-05-12;30.24847102488127
2014-05-13;28.3688202091559
2014-05-14;26.86723454860669
2014-05-15;19.91970065561253
2014-05-16;21.642348253903776
2014-05-17;18.63015100481158
2014-05-18;19.63682282153843
2014-05-19;20.756141421159953
2014-05-20;31.391640533705356
2014-05-21;29.126110373221536
2014-05-22;24.530965994711835
2014-05-23;19.49460509942287
2014-05-24;20.893808166420456
2014-05-25;18.227399340745933
2014-05-26;33.45746944279813
2014-05-27;33.75435573814974
2014-05-28;29.01484957449378
2014-05-29;27.39363024229675
2014-05-30;26.984831393187278
2014-05-31;20.548719150193506
2014-06-01;18.005937928698756
2014-06-02;30.24847102488127
2014-06-03;28.903268139015267
2014-06-04;27.826891734226535
2014-06-05;27.16055967356914
2014-06-06;24.405662547763313
2014-06-07;20.721648117039592
2014-06-08;20.721648117039592
2014-06-09;29.126110373221536
2014-06-10;32.06683337407685
2014-06-11;21.844008768699382
2014-06-12;23.96387923945491
2014-06-13;22.50872434441095
2014-06-14;19.778520075071583
2014-06-15;18.484180120084318
2014-06-16;28.651027954957044
2014-06-17;29.3200507566724
2014-06-18;28.198502934607063
2014-06-19;20.514040481225607
2014-06-20;21.810471537226817
2014-06-21;21.13355339875602
2014-06-22;18.520724465708327
2014-06-23;23.29160657748639
2014-06-24;17.968904227822463
2014-06-25;30.94371554332787
2014-06-26;29.89611052017949
2014-06-27;18.30093921340324
2014-06-28;18.0798992335466
2014-06-29;18.005937928698756
2014-06-30;30.890676177068883
2014-07-01;16.380608575415124
2014-07-02;31.678737261617812
2014-07-03;28.027433151247692
2014-07-04;26.86723454860669
2014-07-05;11.969496974771857
2014-07-06;12.18520077118177
2014-07-07;37.64354109791606
2014-07-08;29.3200507566724
2014-07-09;25.671194081536044
2014-07-10;21.337874354773987
2014-07-11;15.442873990793032
2014-07-12;11.969496974771857
2014-07-13;12.399709526578135
2014-07-14;27.306393108927296
2014-07-15;22.99987762782854
2014-07-16;22.869511405966648
2014-07-17;17.409105590040497
2014-07-18;16.14829549058817
2014-07-19;16.99338071338235
2014-07-20;17.03135887367523
2014-07-21;22.475758202517966
2014-07-22;15.953630770259622
2014-07-23;12.825194372244141
2014-07-24;8.057944840391599
2014-07-25;6.24535194156266
2014-07-26;13.036196155008781
2014-07-27;16.53471318208983
2014-07-28;24.811424832099135
2014-07-29;13.951181901459279
2014-07-30;10.828045815051269
2014-07-31;10.108513260371865
2014-08-01;7.088714473535106
2014-08-02;17.409105590040497
2014-08-03;9.926521238750297
2014-08-04;17.5591783799145
2014-08-05;15.561340369742368
2014-08-06;8.248913076176109
2014-08-07;10.828045815051269
2014-08-08;4.343718204416717
2014-08-09;9.55995063024244
2014-08-10;16.99338071338235
2014-08-11;15.085284397428723
2014-08-12;11.75258474742867
2014-08-13;15.99264208974563
2014-08-14;17.258448857879102
2014-08-15;12.825194372244141
2014-08-16;10.379907348031452
2014-08-17;13.413125667070062
2014-08-18;24.279952270728018
2014-08-19;18.811844117744556
2014-08-20;13.036196155008781
2014-08-21;12.14215604044
2014-08-22;10.559785633530737
2014-08-23;16.303325652921842
2014-08-24;14.885187149423473
2014-08-25;15.521891837227201
2014-08-26;13.413125667070062
2014-08-27;13.246054291059636
2014-08-28;14.033300132271563
2014-08-29;8.72225309490318
2014-08-30;16.031614142672936
2014-08-31;12.14215604044
2014-09-01;16.496244494062637
2014-09-02;24.90446147593741
2014-09-03;19.778520075071583
2014-09-04;16.688206867015822
2014-09-05;13.62095617849576
2014-09-06;14.115244567756463
2014-09-07;16.496244494062637
2014-09-08;23.129806378324872
2014-09-09;18.84808064946236
2014-09-10;15.600748751072501
2014-09-11;16.726485398373143
2014-09-12;12.570464957974252
2014-09-13;11.62185170939
2014-09-14;11.005858900533838
2014-09-15;20.721648117039592
2014-09-16;20.893808166420456
2014-09-17;14.643697397890719
2014-09-18;15.284352863265042
2014-09-19;12.698039146913175
2014-09-20;9.003504195850724
2014-09-21;15.91458010500861
2014-09-22;27.99884789242674
2014-09-23;18.227399340745933
2014-09-24;16.031614142672936
2014-09-25;14.156151841835651
2014-09-26;10.424955324392101
2014-09-27;9.42158694047987
2014-09-28;15.91458010500861
2014-09-29;25.427487651047272
2014-09-30;20.23548725595043
2014-10-01;18.116826972458682
2014-10-02;13.910057382123853
2014-10-03;12.740470637531644
2014-10-04;26.86723454860669
2014-10-05;26.1240499025688
2014-10-06;27.422665662715815
2014-10-07;24.59346597812049
2014-10-08;19.95491551144096
2014-10-09;15.48240307162746
2014-10-10;12.951933376780403
2014-10-11;26.60132844296959
2014-10-12;27.91296527389261
2014-10-13;28.283755221484796
2014-10-14;21.910996209827886
2014-10-15;23.22696761203241
2014-10-16;23.356137811281428
2014-10-17;19.49460509942287
2014-10-18;26.27383241552883
2014-10-19;24.84246189293094
2014-10-20;28.340485973486523
2014-10-21;25.822735297742497
2014-10-22;20.23548725595043
2014-10-23;18.739269154950478
2014-10-24;17.145070354274026
2014-10-25;27.99884789242674
2014-10-26;28.45369871880905
2014-10-27;28.141563613589142
2014-10-28;24.058972364571673
2014-10-29;21.371823266474905
2014-10-30;18.116826972458682
2014-10-31;14.562864944076466
2014-11-01;26.30371951181354
2014-11-02;27.248125631693995
2014-11-03;31.496285817173202
2014-11-04;32.22098911048403
2014-11-05;26.71973444140741
2014-11-06;22.044624405673915
2014-11-07;20.825035979042525
2014-11-08;28.312130987734236
2014-11-09;27.10207215290933
2014-11-10;30.9966823522916
2014-11-11;23.741082801274956
2014-11-12;23.097365043109505
2014-11-13;22.50872434441095
2014-11-14;20.30531366137558
2014-11-15;26.36342458349668
2014-11-16;28.59475071930177
2014-11-17;29.01484957449378
2014-11-18;22.738704756843163
2014-11-19;21.47349176597936
2014-11-20;17.59660586597471
2014-11-21;17.93183507102799
2014-11-22;26.184032457267506
2014-11-23;26.482559235378858
2014-11-24;24.718164093358382
2014-11-25;21.167681855187254
2014-11-26;16.91731245450569
2014-11-27;16.41919226701293
2014-11-28;16.649890454869137
2014-11-29;25.120681518656568
2014-11-30;29.01484957449378
2014-12-01;24.185400987320065
2014-12-02;20.30531366137558
2014-12-03;16.225888164480693
2014-12-04;16.57314368779015
2014-12-05;14.156151841835651
2014-12-06;25.27438847444688
2014-12-07;25.27438847444688
2014-12-08;25.08986676867005
2014-12-09;20.756141421159953
2014-12-10;18.666557901066483
2014-12-11;15.718733803205623
2014-12-12;13.454781110909664
2014-12-13;27.2189589777239
2014-12-14;26.89666726101933
2014-12-15;25.822735297742497
2014-12-16;25.671194081536044
2014-12-17;22.934749384862016
2014-12-18;17.894730390359598
2014-12-19;18.84808064946236
2014-12-20;28.11306252189786
2014-12-21;26.60132844296959
2014-12-22;28.283755221484796
2014-12-23;21.269887100581343
2014-12-24;25.335700809213563
2014-12-25;26.571670278888803
2014-12-26;24.811424832099135
2014-12-27;26.92607761664101
2014-12-28;25.059027474873744
2014-12-29;23.129806378324872
2014-12-30;10.153877918536637
2014-12-31;27.855604179972715
2015-01-01;36.44374164529222
2015-01-02;37.17258634415606
2015-01-03;35.324085854530836
2015-01-04;28.198502934607063
2015-01-05;39.59944840335794
2015-01-06;32.9575434360558
2015-01-07;29.92332931308556
2015-01-08;30.410023684771772
2015-01-09;26.571670278888803
2015-01-10;35.583548320736725
2015-01-11;34.7758890576082
2015-01-12;37.35267379120614
2015-01-13;30.00487107291343
2015-01-14;26.89666726101933
2015-01-15;26.243922231488796
2015-01-16;27.740626422683476
2015-01-17;36.374703770274266
2015-01-18;32.29783742809889
2015-01-19;35.51295808912488
2015-01-20;32.40006516092183
2015-01-21;27.45167932560537
2015-01-22;23.19460761740794
2015-01-23;22.771447871956696
2015-01-24;30.67778914555123
2015-01-25;36.51265664061003
2015-01-26;37.330208614298385
2015-01-27;31.207827967931678
2015-01-28;26.660576704437972
2015-01-29;20.92814850686608
2015-01-30;20.30531366137558
2015-01-31;27.99884789242674
2015-02-01;31.834442825268752
2015-02-02;31.260434947919066
2015-02-03;23.356137811281428
2015-02-04;24.997275099240994
2015-02-05;18.88428329942508
2015-02-06;23.06489650341706
2015-02-07;33.333091785844715
2015-02-08;40.644834023177566
2015-02-09;31.496285817173202
2015-02-10;26.541989379532424
2015-02-11;23.032400713583172
2015-02-12;19.813863510948238
2015-02-13;18.992688590905914
2015-02-14;30.490547938366262
2015-02-15;38.65556555200351
2015-02-16;33.55668469584259
2015-02-17;25.762189966696326
2015-02-18;24.687027194764937
2015-02-19;19.884453742560027
2015-02-20;14.764630545598095
2015-02-21;28.81937053020971
2015-02-22;32.27223826596679
2015-02-23;31.391640533705356
2015-02-24;29.20934666034276
2015-02-25;27.422665662715815
2015-02-26;21.97786795583636
2015-02-27;22.343612233580927
2015-02-28;31.207827967931678
2015-03-01;33.60619714672566
2015-03-02;35.41863713793873
2015-03-03;26.71973444140741
2015-03-04;26.89666726101933
2015-03-05;23.99560290473994
2015-03-06;21.877516976168806
2015-03-07;40.02099564099751
2015-03-08;35.77116216481721
2015-03-09;31.678737261617812
2015-03-10;26.03390147694529
2015-03-11;20.1655346961561
2015-03-12;18.337656837126303
2015-03-13;18.992688590905914
2015-03-14;40.00002692599037
2015-03-15;33.407766314901664
2015-03-16;35.536502468880144
2015-03-17;28.027433151247692
2015-03-18;24.59346597812049
2015-03-19;22.475758202517966
2015-03-20;22.27736973442154
2015-03-21;37.41999121989517
2015-03-22;33.05804636416508
2015-03-23;34.943554719674296
2015-03-24;26.482559235378858
2015-03-25;24.15383251323999
2015-03-26;14.724361450637616
2015-03-27;15.48240307162746
2015-03-28;39.30161053999797
2015-03-29;37.195143135539354
2015-03-30;30.57090507128663
2015-03-31;20.756141421159953
2015-04-01;16.95536526475712
2015-04-02;16.726485398373143
2015-04-03;18.227399340745933
2015-04-04;20.060368317382654
2015-04-05;18.37433967389609
2015-04-06;19.244460141497655
2015-04-07;28.538391566243945
2015-04-08;24.96636193886485
2015-04-09;22.37669103210237
2015-04-10;17.182900089881684
2015-04-11;19.672295779873423
2015-04-12;19.63682282153843
2015-04-13;27.16055967356914
2015-04-14;22.5416624419434
2015-04-15;18.410987789565752
2015-04-16;17.93183507102799
2015-04-17;11.62185170939
2015-04-18;18.520724465708327
2015-04-19;19.849174713864727
2015-04-20;26.71973444140741
2015-04-21;23.96387923945491
2015-04-22;17.820414184599258
2015-04-23;18.337656837126303
2015-04-24;20.375014366632968
2015-04-25;18.557234351784018
2015-04-26;20.756141421159953
2015-04-27;33.03294507880338
2015-04-28;24.6246781775651
2015-04-29;28.903268139015267
2015-04-30;22.475758202517966
2015-05-01;13.537957794485521
2015-05-02;18.30093921340324
2015-05-03;18.37433967389609
2015-05-04;16.07054700800893
2015-05-05;16.225888164480693
2015-05-06;13.454781110909664
2015-05-07;9.743669747487559
2015-05-08;10.604624933636842
2015-05-09;21.065206105961067
2015-05-10;20.92814850686608
2015-05-11;22.869511405966648
2015-05-12;14.033300132271563
2015-05-13;13.371425360062062
2015-05-14;8.438944040773606
2015-05-15;5.638779776597289
2015-05-16;20.479330724249053
2015-05-17;20.99673795140052
2015-05-18;19.601317334122086
2015-05-19;18.70293059638044
2015-05-20;17.74595506297061
2015-05-21;15.085284397428723
2015-05-22;12.655561105006598
2015-05-23;20.375014366632968
2015-05-24;20.30531366137558
2015-05-25;17.74595506297061
2015-05-26;14.074294028440136
2015-05-27;16.225888164480693
2015-05-28;10.514894345818675
2015-05-29;6.842567863766703
2015-05-30;18.042936241417863
2015-05-31;19.17269231499182
2015-06-01;20.652569184684978
2015-06-02;15.284352863265042
2015-06-03;12.14215604044
2015-06-04;6.44544918956791
2015-06-05;7.624791060215841
2015-06-06;18.88428329942508
2015-06-07;20.095455525324667
2015-06-08;19.70773626867674
2015-06-09;16.07054700800893
2015-06-10;8.533610912662652
2015-06-11;8.486306409143367
2015-06-12;9.003504195850724
2015-06-13;19.565779257910435
2015-06-14;19.028756345087743
2015-06-15;17.968904227822463
2015-06-16;15.718733803205623
2015-06-17;8.153546694676834
2015-06-18;6.941214366335885
2015-06-19;4.343718204416717
2015-06-20;19.990098368304643
2015-06-21;20.375014366632968
2015-06-22;17.5591783799145
2015-06-23;12.527846647326442
2015-06-24;19.208592856566497
2015-06-25;13.162247480602957
2015-06-26;4.5014321956564345
2015-06-27;19.849174713864727
2015-06-28;20.13051096575856
2015-06-29;23.516996918077552
2015-06-30;17.03135887367523
2015-07-01;17.03135887367523
2015-07-02;17.371496328885883
2015-07-03;8.675178643737468
2015-07-04;10.917054431984127
2015-07-05;11.665478453514766
2015-07-06;16.99338071338235
2015-07-07;12.825194372244141
2015-07-08;12.399709526578135
2015-07-09;10.738832108957979
2015-07-10;4.970755897272454
2015-07-11;13.078258876488746
2015-07-12;13.703777025720115
2015-07-13;16.726485398373143
2015-07-14;11.271056727132645
2015-07-15;10.78346465720216
2015-07-16;9.42158694047987
2015-07-17;4.866952265890404
2015-07-18;11.578175752909488
2015-07-19;9.467763131181698
2015-07-20;18.520724465708327
2015-07-21;14.48186338458703
2015-07-22;7.382039598497613
2015-07-23;4.866952265890404
2015-07-24;3.275547528452705
2015-07-25;10.33480689876859
2015-07-26;15.442873990793032
2015-07-27;11.446851495930673
2015-07-28;5.689691988159609
2015-07-29;0.7008106491774981
2015-07-30;3.7598743187173227
2015-07-31;1.445975776097356
2015-08-01;15.561340369742368
2015-08-02;10.514894345818675
2015-08-03;14.033300132271563
2015-08-04;8.58085769255132
2015-08-05;8.201259247004543
2015-08-06;3.4376638768676457
2015-08-07;0.0
2015-08-08;10.738832108957979
2015-08-09;15.521891837227201
2015-08-10;14.400692010383182
2015-08-11;11.83949551638824
2015-08-12;11.534450472921606
2015-08-13;5.689691988159609
2015-08-14;5.280507399802161
2015-08-15;9.88088925784757
2015-08-16;13.496391788008964
2015-08-17;14.724361450637616
2015-08-18;7.673159250533843
2015-08-19;11.138684867210827
2015-08-20;5.842028176726217
2015-08-21;7.576362371832886
2015-08-22;16.41919226701293
2015-08-23;17.484214694707987
2015-08-24;14.603302265051582
2015-08-25;11.490675757897748
2015-08-26;8.58085769255132
2015-08-27;6.644517655404229
2015-08-28;8.344045142005768
2015-08-29;11.094460155019135
2015-08-30;11.182859123359322
2015-08-31;16.341986396337973
2015-09-01;13.827677071654136
2015-09-02;9.096802388739718
2015-09-03;8.248913076176109
2015-09-04;8.010055247008324
2015-09-05;11.094460155019135
2015-09-06;16.802929117803444
2015-09-07;11.315080303580146
2015-09-08;19.387597943386936
2015-09-09;16.57314368779015
2015-09-10;11.315080303580146
2015-09-11;13.287889769267395
2015-09-12;15.442873990793032
2015-09-13;14.319350107957007
2015-09-14;21.57489400110353
2015-09-15;15.640117062867205
2015-09-16;14.156151841835651
2015-09-17;11.796064517651189
2015-09-18;8.438944040773606
2015-09-19;11.094460155019135
2015-09-20;9.42158694047987
2015-09-21;18.956587207111568
2015-09-22;15.363694553558332
2015-09-23;13.910057382123853
2015-09-24;6.990443529120853
2015-09-25;6.941214366335885
2015-09-26;16.303325652921842
2015-09-27;13.99226278734426
2015-09-28;17.069299818714512
2015-09-29;15.204848253575449
2015-09-30;11.446851495930673
2015-10-01;7.817902339900854
2015-10-02;5.791316013203755
2015-10-03;28.81937053020971
2015-10-04;24.687027194764937
2015-10-05;17.783202522615
2015-10-06;11.490675757897748
2015-10-07;10.199189487563217
2015-10-08;10.469950949809686
2015-10-09;8.344045142005768
2015-10-10;26.333583555958455
2015-10-11;28.9311936586638
2015-10-12;27.509641509056166
2015-10-13;17.93183507102799
2015-10-14;14.885187149423473
2015-10-15;14.764630545598095
2015-10-16;13.413125667070062
2015-10-17;26.213988923995373
2015-10-18;25.57998383602427
2015-10-19;16.57314368779015
2015-10-20;14.562864944076466
2015-10-21;15.324044031594099
2015-10-22;12.228197700991075
2015-10-23;11.969496974771857
2015-10-24;26.423037730475812
2015-10-25;27.364573031691464
2015-10-26;23.677190490878218
2015-10-27;15.24462096515117
2015-10-28;18.956587207111568
2015-10-29;19.601317334122086
2015-10-30;13.413125667070062
2015-10-31;26.1240499025688
2015-11-01;27.072795228025257
2015-11-02;24.718164093358382
2015-11-03;17.93183507102799
2015-11-04;14.684050430531727
2015-11-05;11.359053881633713
2015-11-06;9.050181394167339
2015-11-07;26.094023742619413
2015-11-08;28.084540434925316
2015-11-09;21.541122754902915
2015-11-10;16.76472612376739
2015-11-11;9.69782162926549
2015-11-12;9.003504195850724
2015-11-13;10.244448091564323
2015-11-14;26.6901668711929
2015-11-15;26.36342458349668
2015-11-16;23.032400713583172
2015-11-17;19.95491551144096
2015-11-18;13.662388746723707
2015-11-19;10.917054431984127
2015-11-20;9.835203433887045
2015-11-21;27.043496148825966
2015-11-22;28.255358644257228
2015-11-23;20.92814850686608
2015-11-24;15.718733803205623
2015-11-25;13.827677071654136
2015-11-26;8.769270382179684
2015-11-27;8.248913076176109
2015-11-28;27.39363024229675
2015-11-29;25.883186100520618
2015-11-30;19.849174713864727
2015-12-01;16.109440764483224
2015-12-02;12.613036409557537
2015-12-03;11.62185170939
2015-12-04;7.769714740259246
2015-12-05;27.2189589777239
2015-12-06;25.08986676867005
2015-12-07;17.968904227822463
2015-12-08;14.197015942002793
2015-12-09;14.360042419967726
2015-12-10;15.797191238996504
2015-12-11;15.442873990793032
2015-12-12;26.333583555958455
2015-12-13;27.10207215290933
2015-12-14;23.709149825185023
2015-12-15;22.475758202517966
2015-12-16;17.59660586597471
2015-12-17;13.62095617849576
2015-12-18;16.341986396337973
2015-12-19;27.39363024229675
2015-12-20;27.364573031691464
2015-12-21;32.578316787294284
2015-12-22;28.027433151247692
2015-12-23;14.074294028440136
2015-12-24;25.762189966696326
2015-12-25;28.481950256957248
2015-12-26;28.22694122550314
2015-12-27;25.335700809213563
2015-12-28;29.01484957449378
2015-12-29;16.07054700800893
2015-12-30;3.3837004795410053
2015-12-31;26.778801930077975
2016-01-01;38.39409873070309
2016-01-02;32.578316787294284
2016-01-03;38.807276420159326
2016-01-04;32.27223826596679
2016-01-05;48.12467455472648
2016-01-06;35.72434386248102
2016-01-07;30.59765376410479
2016-01-08;27.91296527389261
2016-01-09;40.20920480544953
2016-01-10;38.936842847751734
2016-01-11;37.397565078918205
2016-01-12;36.809878948746814
2016-01-13;33.357999301219195
2016-01-14;27.59642241497238
2016-01-15;28.538391566243945
2016-01-16;34.7758890576082
2016-01-17;37.84363834592125
2016-01-18;37.28523911875044
2016-01-19;29.20934666034276
2016-01-20;28.510181196096653
2016-01-21;26.749279449566927
2016-01-22;24.687027194764937
2016-01-23;33.926493918922574
2016-01-24;29.81433914593316
2016-01-25;34.58337787760178
2016-01-26;27.91296527389261
2016-01-27;33.82822297450832
2016-01-28;30.08624146639471
2016-01-29;29.677668579338274
2016-01-30;34.24416279276261
2016-01-31;35.11049746010275
2016-02-01;38.67727496177571
2016-02-02;32.45107798953211
2016-02-03;33.82822297450832
2016-02-04;27.189770336074446
2016-02-05;26.778801930077975
2016-02-06;40.083833736447104
2016-02-07;33.20831329785074
2016-02-08;35.395020954642234
2016-02-09;30.221479924928474
2016-02-10;28.255358644257228
2016-02-11;26.89666726101933
2016-02-12;22.771447871956696
2016-02-13;29.29240439254579
2016-02-14;31.808535342659923
2016-02-15;31.989524733455823
2016-02-16;29.650276479635977
2016-02-17;30.890676177068883
2016-02-18;28.312130987734236
2016-02-19;27.625306214382988
2016-02-20;37.12743329960517
2016-02-21;36.67298287927446
2016-02-22;36.46672694208735
2016-02-23;30.970208005062318
2016-02-24;27.2189589777239
2016-02-25;24.90446147593741
2016-02-26;22.37669103210237
2016-02-27;37.375125941046235
2016-02-28;40.27173843623933
2016-02-29;40.33417123339643
2016-03-01;29.567983714726836
2016-03-02;33.333091785844715
2016-03-03;30.113326973840174
2016-03-04;26.63096390657813
2016-03-05;31.574584592722772
2016-03-06;27.99884789242674
2016-03-07;37.50956611540346
2016-03-08;34.9913261400643
2016-03-09;31.04957680220417
2016-03-10;29.868872579334493
2016-03-11;28.9311936586638
2016-03-12;29.07051993823876
2016-03-13;38.130854217648164
2016-03-14;41.44108171043899
2016-03-15;33.6556463632993
2016-03-16;32.16967203032203
2016-03-17;27.99884789242674
2016-03-18;27.53859009456494
2016-03-19;29.126110373221536
2016-03-20;30.890676177068883
2016-03-21;40.97348305262358
2016-03-22;34.75187744051965
2016-03-23;31.834442825268752
2016-03-24;30.517352184029562
2016-03-25;38.52505285096339
2016-03-26;33.13325272898396
2016-03-27;38.2407570201201
2016-03-28;31.391640533705356
2016-03-29;38.91527853011587
2016-03-30;35.72434386248102
2016-03-31;30.917204942282353
2016-04-01;26.60132844296959
2016-04-02;18.264186736686042
2016-04-03;20.27041619951399
2016-04-04;39.15182802703799
2016-04-05;33.53190470695557
2016-04-06;29.181621108628576
2016-04-07;26.984831393187278
2016-04-08;25.671194081536044
2016-04-09;19.136758455044344
2016-04-10;19.70773626867674
2016-04-11;36.51265664061003
2016-04-12;31.989524733455823
2016-04-13;27.798157980540964
2016-04-14;21.910996209827886
2016-04-15;26.30371951181354
2016-04-16;18.811844117744556
2016-04-17;20.99673795140052
2016-04-18;37.554275971773734
2016-04-19;35.46582633490044
2016-04-20;32.195339072239335
2016-04-21;26.51228571001701
2016-04-22;23.90035382518124
2016-04-23;18.116826972458682
2016-04-24;20.375014366632968
2016-04-25;36.32861003707529
2016-04-26;30.57090507128663
2016-04-27;27.53859009456494
2016-04-28;26.423037730475812
2016-04-29;23.709149825185023
2016-04-30;20.375014366632968
2016-05-01;17.968904227822463
2016-05-02;29.89611052017949
2016-05-03;24.311418124807915
2016-05-04;21.57489400110353
2016-05-05;19.244460141497655
2016-05-06;15.125180054038708
2016-05-07;18.484180120084318
2016-05-08;18.005937928698756
2016-05-09;24.090618243991173
2016-05-10;22.24420593683567
2016-05-11;16.109440764483224
2016-05-12;14.845043308280083
2016-05-13;14.80485780253025
2016-05-14;20.200526773833133
2016-05-15;18.70293059638044
2016-05-16;23.96387923945491
2016-05-17;22.60745469450194
2016-05-18;17.4466783550601
2016-05-19;14.48186338458703
2016-05-20;8.956770658113896
2016-05-21;19.100791214822664
2016-05-22;19.565779257910435
2016-05-23;20.85943734186924
2016-05-24;24.6246781775651
2016-05-25;20.30531366137558
2016-05-26;17.484214694707987
2016-05-27;14.033300132271563
2016-05-28;20.27041619951399
2016-05-29;19.813863510948238
2016-05-30;23.99560290473994
2016-05-31;20.96245841723197
2016-06-01;16.841094454865356
2016-06-02;17.10720362136408
2016-06-03;11.969496974771857
2016-06-04;20.583366786791316
2016-06-05;19.530208533025245
2016-06-06;25.94354266974102
2016-06-07;22.177793002346277
2016-06-08;21.642348253903776
2016-06-09;16.45773754776161
2016-06-10;11.315080303580146
2016-06-11;18.15371952533502
2016-06-12;20.375014366632968
2016-06-13;28.084540434925316
2016-06-14;25.212978895650906
2016-06-15;23.097365043109505
2016-06-16;18.70293059638044
2016-06-17;15.718733803205623
2016-06-18;19.672295779873423
2016-06-19;19.601317334122086
2016-06-20;22.90214413551257
2016-06-21;22.24420593683567
2016-06-22;20.444589823475667
2016-06-23;18.15371952533502
2016-06-24;20.444589823475667
2016-06-25;19.672295779873423
2016-06-26;18.775573640793027
2016-06-27;29.73239471044826
2016-06-28;28.538391566243945
2016-06-29;28.986984347444093
2016-06-30;24.374273221914166
2016-07-01;13.703777025720115
2016-07-02;10.604624933636842
2016-07-03;13.827677071654136
2016-07-04;32.85677895156027
2016-07-05;26.778801930077975
2016-07-06;22.37669103210237
2016-07-07;21.608635817020456
2016-07-08;16.57314368779015
2016-07-09;12.14215604044
2016-07-10;16.45773754776161
2016-07-11;27.625306214382988
2016-07-12;22.343612233580927
2016-07-13;22.99987762782854
2016-07-14;23.388363140910542
2016-07-15;20.617983446508276
2016-07-16;9.789463639655253
2016-07-17;9.651919156415147
2016-07-18;30.032013542524282
2016-07-19;23.772989462589692
2016-07-20;20.27041619951399
2016-07-21;15.836360419185098
2016-07-22;15.718733803205623
2016-07-23;14.197015942002793
2016-07-24;9.003504195850724
2016-07-25;23.772989462589692
2016-07-26;18.30093921340324
2016-07-27;14.965350182850159
2016-07-28;11.490675757897748
2016-07-29;9.605962199904752
2016-07-30;12.951933376780403
2016-07-31;11.490675757897748
2016-08-01;23.484878516140895
2016-08-02;18.775573640793027
2016-08-03;15.91458010500861
2016-08-04;12.698039146913175
2016-08-05;11.75258474742867
2016-08-06;14.360042419967726
2016-08-07;11.534450472921606
2016-08-08;22.14454376774455
2016-08-09;19.028756345087743
2016-08-10;14.2378369592941
2016-08-11;12.18520077118177
2016-08-12;11.969496974771857
2016-08-13;13.413125667070062
2016-08-14;16.688206867015822
2016-08-15;23.90035382518124
2016-08-16;19.70773626867674
2016-08-17;17.894730390359598
2016-08-18;14.2378369592941
2016-08-19;11.050184871390286
2016-08-20;9.972099503359402
2016-08-21;10.33480689876859
2016-08-22;28.538391566243945
2016-08-23;18.739269154950478
2016-08-24;17.708671736724966
2016-08-25;17.484214694707987
2016-08-26;17.59660586597471
2016-08-27;14.360042419967726
2016-08-28;12.356902743539763
2016-08-29;25.70154981128718
2016-08-30;20.583366786791316
2016-08-31;23.709149825185023
2016-09-01;18.484180120084318
2016-09-02;20.13051096575856
2016-09-03;10.872575700712105
2016-09-04;13.162247480602957
2016-09-05;17.182900089881684
2016-09-06;28.11306252189786
2016-09-07;23.516996918077552
2016-09-08;20.479330724249053
2016-09-09;20.23548725595043
2016-09-10;13.868889136550138
2016-09-11;12.740470637531644
2016-09-12;28.027433151247692
2016-09-13;21.97786795583636
2016-09-14;20.060368317382654
2016-09-15;17.5591783799145
2016-09-16;15.99264208974563
2016-09-17;14.965350182850159
2016-09-18;9.32906901996165
2016-09-19;28.903268139015267
2016-09-20;21.608635817020456
2016-09-21;18.739269154950478
2016-09-22;17.145070354274026
2016-09-23;15.085284397428723
2016-09-24;16.53471318208983
2016-09-25;11.578175752909488
2016-09-26;26.063974279477975
2016-09-27;20.756141421159953
2016-09-28;20.27041619951399
2016-09-29;17.182900089881684
2016-09-30;13.537957794485521
2016-10-01;28.027433151247692
2016-10-02;27.826891734226535
2016-10-03;25.54953261045597
2016-10-04;17.59660586597471
2016-10-05;15.24462096515117
2016-10-06;15.442873990793032
2016-10-07;9.003504195850724
2016-10-08;25.57998383602427
2016-10-09;26.83777944538747
2016-10-10;27.45167932560537
2016-10-11;20.790604023625917
2016-10-12;18.484180120084318
2016-10-13;15.718733803205623
2016-10-14;12.485181374343313
2016-10-15;28.538391566243945
2016-10-16;28.707223510996414
2016-10-17;21.03098716311132
2016-10-18;18.0798992335466
2016-10-19;13.579479226147612
2016-10-20;11.138684867210827
2016-10-21;13.20417356083857
2016-10-22;26.03390147694529
2016-10-23;28.903268139015267
2016-10-24;30.032013542524282
2016-10-25;24.96636193886485
2016-10-26;20.721648117039592
2016-10-27;19.208592856566497
2016-10-28;14.80485780253025
2016-10-29;25.70154981128718
2016-10-30;27.072795228025257
2016-10-31;24.437026446857317
2016-11-01;23.06489650341706
2016-11-02;21.50732202703449
2016-11-03;22.640308944512583
2016-11-04;16.99338071338235
2016-11-05;27.072795228025257
2016-11-06;27.91296527389261
2016-11-07;26.541989379532424
2016-11-08;20.514040481225607
2016-11-09;19.70773626867674
2016-11-10;14.885187149423473
2016-11-11;10.244448091564323
2016-11-12;28.9311936586638
2016-11-13;28.481950256957248
2016-11-14;21.810471537226817
2016-11-15;21.47349176597936
2016-11-16;19.990098368304643
2016-11-17;16.53471318208983
2016-11-18;13.078258876488746
2016-11-19;28.903268139015267
2016-11-20;25.27438847444688
2016-11-21;27.248125631693995
2016-11-22;20.375014366632968
2016-11-23;17.820414184599258
2016-11-24;14.156151841835651
2016-11-25;13.99226278734426
2016-11-26;26.95546564941003
2016-11-27;26.541989379532424
2016-11-28;25.97368570848755
2016-11-29;24.15383251323999
2016-11-30;21.03098716311132
2016-12-01;18.956587207111568
2016-12-02;18.63015100481158
2016-12-03;28.05599732171646
2016-12-04;24.718164093358382
2016-12-05;23.772989462589692
2016-12-06;24.90446147593741
2016-12-07;22.177793002346277
2016-12-08;19.423299865062972
2016-12-09;13.413125667070062
2016-12-10;26.094023742619413
2016-12-11;28.11306252189786
2016-12-12;20.27041619951399
2016-12-13;16.99338071338235
2016-12-14;16.07054700800893
2016-12-15;16.879222209117586
2016-12-16;16.841094454865356
2016-12-17;28.283755221484796
2016-12-18;28.651027954957044
2016-12-19;28.141563613589142
2016-12-20;29.457987244967853
2016-12-21;27.99884789242674
2016-12-22;25.5190574169784
2016-12-23;27.884295349358467
2016-12-24;27.59642241497238
2016-12-25;25.151471763869097
2016-12-26;28.791364213390523
2016-12-27;28.084540434925316
2016-12-28;23.804869852463582
2016-12-29;16.41919226701293
2016-12-30;26.60132844296959
2016-12-31;25.91337614596
